<?xml version="1.0" encoding="UTF-8" standalone="yes"?>
<addon id="plugin.video.Poached" version="1.1.2" name="Poached" provider-name="Eggman">
	<requires>
		<import addon="xbmc.python" version="2.19.0" />
		<import addon="script.module.Poached" />
		<import addon="script.Poached.artwork" version="" />
		<import addon="script.Poached.metadata" version="" />
		<import addon="script.module.resolveurl" />
		<import addon="script.module.requests" />
		<import addon="script.module.metahandler" />
	</requires>
	<extension point="xbmc.python.pluginsource" library="Poached.py">
		<provides>video</provides>
	</extension>
	<extension point="xbmc.service" library="service.py" start="startup" />
	<extension point="xbmc.addon.metadata">
		<summary lang="en">Poached Uses ResolveURL</summary>
		<description lang="en">Poached Movies and TV. This addon does not form part of the Kodi Media Centre. Please do not seek assistance with this addon from any of the Official Kodi Support Channels. The author does not host any of the content in this addon and takes no responsibility for content found.</description>
		<disclaimer lang="en">The author of this addon do not host any of the content which is found and have no affiliation with any of the content providers. This addon simply searches websites for content. Use at your own risk!</disclaimer>
		<platform>all</platform>
		<license>GNU GENERAL PUBLIC LICENSE. Version 3, 29 June 2007</license>
		<assets>
			<icon>icon.jpg</icon>
			<fanart>fanart.png</fanart>
    			<screenshot>resources/screenshots/screenshot-01.png</screenshot>
    			<screenshot>resources/screenshots/screenshot-02.png</screenshot>
    			<screenshot>resources/screenshots/screenshot-03.png</screenshot>
		</assets>
		<news></news>
	</extension>
</addon>
