<?xml version="1.0" encoding="UTF-8" standalone="yes"?>
<addon id="script.overeasy.metadata" version="1.1.1" name="Overeasy Metadata" provider-name="Eggman">
	<requires>
		<import addon="xbmc.python" version="2.19.0"/>
	</requires>
	<extension point="xbmc.python.module" library="lib" />
	<extension point="xbmc.addon.metadata">
		<summary>Metadata for the Overeasy Addon</summary>
		<description>Metadata for Overeasy are maintained separately to make distribution of the the addon itself easier/faster.</description>
		<platform>all</platform>
	</extension>
</addon>
