<?xml version="1.0" encoding="UTF-8" standalone="yes"?>
<addon id="plugin.program.eggman" name="[COLOR gold]Eggman [COLOR blue]Wizard[/COLOR]" version="0.2.4" provider-name="[B][I][COLOR blue]Eggman[/COLOR][/I][/B]">
  <requires>
    <import addon="xbmc.python" version="2.1.0"/>
  </requires>
  <extension point="xbmc.python.pluginsource" library="default.py">
    <provides>program executable</provides>
  </extension>
  <extension point="xbmc.service" library="startup.py" start="startup" />
  <extension point="xbmc.addon.metadata">
    <summary lang="en">Installer for [COLOR gold]Eggman[/COLOR] Builds</summary>
    <description lang="en">This Wizard allows you to install the latest version of builds from [B][COLOR orange]Eggman[/COLOR][/B].  It also provides Maintenance, Tools and Tweaks sections to help you keep your Media Center running as smoothly as possible.</description>
    <disclaimer lang="en">For support, follow me on Twitter at:  </disclaimer>
    <platform>all</platform>
	<license>GNU GENERAL PUBLIC LICENSE. Version 2, June 1991</license>
  </extension>
</addon>