<?xml version="1.0" encoding="UTF-8" standalone="yes"?>
<addon id="script.Poached.metadata" version="1.0.7" name="Poached Metadata" provider-name="Eggman">
	<requires>
		<import addon="xbmc.python" version="2.19.0"/>
	</requires>
	<extension point="xbmc.python.module" library="lib" />
	<extension point="xbmc.addon.metadata">
		<summary>Metadata for the Poached Addon</summary>
		<description>Metadata for Poached are maintained separately to make distribution of the the addon itself easier/faster.</description>
		<platform>all</platform>
	</extension>
</addon>
