<?xml version="1.0" encoding="UTF-8" standalone="yes"?>
<addon id="plugin.video.Poached" version="1.2.1" name="Poached" provider-name="Eggman">
	<requires>
		<import addon="xbmc.python" version="2.19.0" />
		<import addon="repository.eggman" version="" />
		<import addon="script.module.Poached" />
		<import addon="script.Poached.artwork" version="" />
		<import addon="script.Poached.metadata" version="" />
		<import addon="script.module.requests" />
		<import addon="script.module.metahandler" version="" />
		<import addon="script.module.resolveurl" version="" />
	</requires>
	<extension point="xbmc.python.pluginsource" library="Poached.py">
		<provides>video</provides>
	</extension>
	<extension point="xbmc.addon.metadata">
		<summary lang="en">Movies and TV Shows Using Resolve Url</summary>
		<description lang="en">Please remember that Poached is not an official part of the Kodi media player.</description>
		<disclaimer lang="en">The author does not host or distribute any of the content displayed by this addon. The author does not have any affiliation with the content provider.</disclaimer>
		<platform>all</platform>
		<forum></forum>
		<website></website>
		<source></source>
		<assets>
			<icon>icon.png</icon>
			<fanart>fanart.jpg</fanart>
			<screenshot></screenshot>
			<screenshot></screenshot>
			<screenshot></screenshot>
		</assets>
		<news>-
- Free movies
- Free TV Shows</news>
	</extension>
</addon>
