<?xml version="1.0" encoding="UTF-8" standalone="yes"?>
<addon id="script.module.Poached" name="Poached Module" version="1.7.6" provider-name="Eggman">
	<requires>
		<import addon="xbmc.python" version="2.1.0" />
		<import addon="script.module.beautifulsoup4"/>
		<import addon="script.module.simplejson"/>
		<import addon="repository.eggman"/>
	</requires>
	<extension point="xbmc.python.module" library="lib" />
	<extension point="xbmc.addon.metadata">
		<platform>all</platform>
		<summary lang="en">Poached</summary>
	</extension>
</addon>
